{"Train Loss": 0.0011385156540200114, "Learning_rate": 24, "_timestamp": 1650992615, "_runtime": 1659, "_step": 99, "Train Acc": 0.6415094339622641, "_wandb": {"runtime": 1660}}