{"Train Loss": 0.0022503549698740244, "Learning_rate": 24, "_timestamp": 1651001455, "_runtime": 7252, "_step": 99, "Train Acc": 0.7995833333333334, "_wandb": {"runtime": 7252}}